,Teams and all,Median of Games,Mean of Games,Std of Games,Median of Games_starts,Mean of Games_starts,Std of Games_starts,Median of Minutes,Mean of Minutes,Std of Minutes,Median of Goals,Mean of Goals,Std of Goals,Median of Assists,Mean of Assists,Std of Assists,Median of Cards_yellow,Mean of Cards_yellow,Std of Cards_yellow,Median of Cards_red,Mean of Cards_red,Std of Cards_red,Median of Xg,Mean of Xg,Std of Xg,Median of Xg_assist,Mean of Xg_assist,Std of Xg_assist,Median of Progressive_carries,Mean of Progressive_carries,Std of Progressive_carries,Median of Progressive_passes,Mean of Progressive_passes,Std of Progressive_passes,Median of Progressive_passes_received,Mean of Progressive_passes_received,Std of Progressive_passes_received,Median of Goals_per90,Mean of Goals_per90,Std of Goals_per90,Median of Assists_per90,Mean of Assists_per90,Std of Assists_per90,Median of Xg_per90,Mean of Xg_per90,Std of Xg_per90,Median of Xg_assist_per90,Mean of Xg_assist_per90,Std of Xg_assist_per90,Median of Gk_goals_against_per90,Mean of Gk_goals_against_per90,Std of Gk_goals_against_per90,Median of Gk_save_pct,Mean of Gk_save_pct,Std of Gk_save_pct,Median of Gk_clean_sheet_pct,Mean of Gk_clean_sheet_pct,Std of Gk_clean_sheet_pct,Median of Gk_pens_save_pct,Mean of Gk_pens_save_pct,Std of Gk_pens_save_pct,Median of Shots_on_target_pct,Mean of Shots_on_target_pct,Std of Shots_on_target_pct,Median of Shots_per90,Mean of Shots_per90,Std of Shots_per90,Median of Goals_per_shot,Mean of Goals_per_shot,Std of Goals_per_shot,Median of Average_shot_distance,Mean of Average_shot_distance,Std of Average_shot_distance,Median of Passes_completed,Mean of Passes_completed,Std of Passes_completed,Median of Passes_pct,Mean of Passes_pct,Std of Passes_pct,Median of Passes_total_distance,Mean of Passes_total_distance,Std of Passes_total_distance,Median of Passes_pct_short,Mean of Passes_pct_short,Std of Passes_pct_short,Median of Passes_pct_medium,Mean of Passes_pct_medium,Std of Passes_pct_medium,Median of Passes_pct_long,Mean of Passes_pct_long,Std of Passes_pct_long,Median of Assisted_shots,Mean of Assisted_shots,Std of Assisted_shots,Median of Passes_into_final_third,Mean of Passes_into_final_third,Std of Passes_into_final_third,Median of Passes_into_penalty_area,Mean of Passes_into_penalty_area,Std of Passes_into_penalty_area,Median of Crosses_into_penalty_area,Mean of Crosses_into_penalty_area,Std of Crosses_into_penalty_area,Median of Progressive_passes.1,Mean of Progressive_passes.1,Std of Progressive_passes.1,Median of Sca,Mean of Sca,Std of Sca,Median of Sca_per90,Mean of Sca_per90,Std of Sca_per90,Median of Gca,Mean of Gca,Std of Gca,Median of Gca_per90,Mean of Gca_per90,Std of Gca_per90,Median of Tackles,Mean of Tackles,Std of Tackles,Median of Tackles_won,Mean of Tackles_won,Std of Tackles_won,Median of Challenge_tackles,Mean of Challenge_tackles,Std of Challenge_tackles,Median of Challenges_lost,Mean of Challenges_lost,Std of Challenges_lost,Median of Blocks,Mean of Blocks,Std of Blocks,Median of Blocked_shots,Mean of Blocked_shots,Std of Blocked_shots,Median of Blocked_passes,Mean of Blocked_passes,Std of Blocked_passes,Median of Interceptions,Mean of Interceptions,Std of Interceptions,Median of Touches,Mean of Touches,Std of Touches,Median of Touches_def_pen_area,Mean of Touches_def_pen_area,Std of Touches_def_pen_area,Median of Touches_def_3rd,Mean of Touches_def_3rd,Std of Touches_def_3rd,Median of Touches_mid_3rd,Mean of Touches_mid_3rd,Std of Touches_mid_3rd,Median of Touches_att_3rd,Mean of Touches_att_3rd,Std of Touches_att_3rd,Median of Touches_att_pen_area,Mean of Touches_att_pen_area,Std of Touches_att_pen_area,Median of Take_ons,Mean of Take_ons,Std of Take_ons,Median of Take_ons_won_pct,Mean of Take_ons_won_pct,Std of Take_ons_won_pct,Median of Take_ons_tackled_pct,Mean of Take_ons_tackled_pct,Std of Take_ons_tackled_pct,Median of Carries,Mean of Carries,Std of Carries,Median of Carries_progressive_distance,Mean of Carries_progressive_distance,Std of Carries_progressive_distance,Median of Progressive_carries.1,Mean of Progressive_carries.1,Std of Progressive_carries.1,Median of Carries_into_final_third,Mean of Carries_into_final_third,Std of Carries_into_final_third,Median of Carries_into_penalty_area,Mean of Carries_into_penalty_area,Std of Carries_into_penalty_area,Median of Miscontrols,Mean of Miscontrols,Std of Miscontrols,Median of Dispossessed,Mean of Dispossessed,Std of Dispossessed,Median of Passes_received,Mean of Passes_received,Std of Passes_received,Median of Progressive_passes_received.1,Mean of Progressive_passes_received.1,Std of Progressive_passes_received.1,Median of Fouls,Mean of Fouls,Std of Fouls,Median of Fouled,Mean of Fouled,Std of Fouled,Median of Offsides,Mean of Offsides,Std of Offsides,Median of Crosses,Mean of Crosses,Std of Crosses,Median of Ball_recoveries,Mean of Ball_recoveries,Std of Ball_recoveries,Median of Aerials_won,Mean of Aerials_won,Std of Aerials_won,Median of Aerials_lost,Mean of Aerials_lost,Std of Aerials_lost,Median of Aerials_won_pct,Mean of Aerials_won_pct,Std of Aerials_won_pct
0,All,23.0,21.31416837782341,9.916828221341266,15.0,15.640657084188911,10.930581085172602,1358.0,1402.546201232033,925.1878873916803,1.0,2.0369609856262834,3.566918965998159,1.0,1.517453798767967,2.229433504375735,2.0,2.9876796714579057,2.6238562383884396,0.0,0.09034907597535935,0.30773512425756555,0.9,2.059548254620123,3.134007381076504,0.9,1.5234086242299794,1.8993030678073102,15.0,26.570841889117045,31.174845627637808,39.0,52.40041067761807,50.61817286014292,25.0,51.73511293634497,64.96974334683078,0.03,0.1199794661190965,0.18298114204180788,0.04,0.08981519507186858,0.12314703453316982,0.07,0.1329158110882957,0.16037289076106,0.07,0.09644763860369611,0.10074980638795634,1.4849999999999999,1.6895,0.7398993348023944,68.15,66.2825,9.691203717143681,,,,0.0,17.848148148148148,29.401613906125977,30.0,29.68819444444444,19.892802613114398,0.86,1.2075564681724844,1.090623516492559,0.06,0.07905092592592594,0.10018672682126727,16.3,16.706944444444442,5.078588685029454,454.0,564.0554414784394,466.2360127163738,80.2,79.28151950718687,8.271863867516538,7576.0,9696.59342915811,8445.04297823989,89.9,88.79322381930186,6.742086908509902,85.8,84.09733059548255,10.102117136392517,53.7,54.16569646569647,15.706234430399764,8.0,13.858316221765914,15.566743583711803,29.0,43.95687885010267,45.56937673030182,7.0,11.813141683778234,14.602834995429918,1.0,2.811088295687885,4.36800472459461,39.0,52.394250513347025,50.62425742790124,21.0,32.437371663244356,32.62203551754679,1.8,2.0838398357289525,1.4369793703878067,2.0,3.5544147843942504,4.261587449403893,0.16,0.21453798767967147,0.22207250070737672,17.0,25.05133470225873,22.868550683303525,10.0,14.969199178644764,14.020747265538828,8.0,11.632443531827516,11.195531827731784,8.0,11.19917864476386,10.504523782643322,12.0,15.535934291581109,13.864209269278224,2.0,5.252566735112937,7.401191969897131,8.0,10.283367556468173,9.491266862801854,7.0,11.363449691991786,11.865386028528654,764.0,852.2053388090349,630.972091929971,32.0,96.50308008213553,178.64985033135457,161.0,282.55852156057495,312.2710917406611,281.0,362.3223819301848,320.452934295883,143.0,215.71047227926078,212.53504274890423,21.0,35.17659137577002,41.6974901580025,14.0,25.811088295687885,31.700327143331588,45.1,46.69820627802691,22.467613573690453,43.8,42.167040358744394,21.397108147213167,406.0,478.06776180698154,363.99856069634825,1044.0,1327.4866529774126,1111.4466101474789,15.0,26.566735112936346,31.178220645360128,13.0,17.831622176591377,18.509045337274557,2.0,8.268993839835728,14.54210304322298,13.0,19.365503080082135,19.708625487968217,8.0,13.390143737166325,14.95341687764859,493.0,558.1108829568789,426.9488313042904,25.0,51.724845995893226,64.97722186143498,12.0,15.745379876796715,13.990474942058539,10.0,15.26694045174538,14.935065054827179,1.0,2.410677618069815,4.017929076855132,9.0,24.899383983572896,36.34913207921097,46.0,59.10266940451746,46.93123562866506,10.0,18.468172484599588,21.59919488066214,13.0,18.40041067761807,18.68577724998174,50.0,48.937083333333334,21.538296228321503
1,Arsenal,23.5,23.272727272727273,8.066283844803321,16.5,17.5,10.39574088612392,1478.5,1564.4545454545455,902.9764921937589,2.0,2.8181818181818183,2.8053751745764544,1.5,2.3181818181818183,2.7496556258204516,2.5,2.909090909090909,1.9738550848793073,0.0,0.22727272727272727,0.5284134548067253,1.65,2.5636363636363635,2.6409856483527503,0.9,1.9318181818181819,2.1877116471514824,23.0,35.31818181818182,32.69685635629847,56.5,77.0,62.4431169717116,52.0,75.95454545454545,77.48823399024144,0.10500000000000001,0.16272727272727275,0.16406101705163637,0.10500000000000001,0.13727272727272727,0.14998989864977472,0.1,0.1527272727272727,0.14166297423250107,0.09,0.11954545454545454,0.11712741424974416,0.89,0.89,,74.1,74.1,,,,,0.0,0.0,,30.9,27.861904761904764,16.67769397100439,1.08,1.3550000000000002,1.0241268057646544,0.14,0.13714285714285715,0.1296974501346444,15.0,14.642857142857142,4.969262664477641,468.5,717.6818181818181,560.3350516698649,82.95,82.32272727272726,6.265698898286025,7398.0,11757.954545454546,9938.890938785555,91.75,90.88636363636364,4.674683126979019,86.3,84.95454545454544,7.859463647805034,53.349999999999994,55.31818181818183,9.762495600322715,10.0,17.5,17.781076082922166,40.5,58.09090909090909,52.91854395551993,9.0,18.272727272727273,18.49371017447056,1.5,3.0,3.625307868699863,56.5,77.0,62.4431169717116,25.0,39.86363636363637,34.142970348849616,2.24,2.45,1.403560099312086,3.0,5.0,5.597618541248888,0.24,0.2922727272727273,0.2994746482343121,19.5,24.636363636363637,20.726209435778593,12.0,14.681818181818182,12.635499363137344,8.5,10.727272727272727,9.371597506660207,11.0,10.636363636363637,7.575307345928704,10.0,13.681818181818182,11.167070484395772,1.5,4.409090909090909,6.835893301495952,7.5,9.272727272727273,7.88719165532271,6.0,9.636363636363637,8.866982385421583,771.5,1008.9545454545455,673.6841479275218,25.0,75.81818181818181,170.01334299559198,125.0,254.45454545454547,337.02631341000057,296.0,439.0,390.8871472749672,225.0,323.09090909090907,237.02399096794466,38.5,53.77272727272727,50.36148549019599,23.5,30.59090909090909,29.146034755886465,44.65,49.26818181818181,22.443248775175476,36.4,37.404545454545456,18.05748696518526,427.0,593.2727272727273,410.16003634100605,1358.0,1677.6363636363637,1143.7038638295003,23.0,35.31818181818182,32.69685635629847,19.5,21.954545454545453,18.367873798531715,4.5,12.136363636363637,15.458994775874642,15.5,20.136363636363637,15.94423452908965,13.5,15.863636363636363,13.523508471742138,552.0,710.8636363636364,492.2018841950879,52.0,75.95454545454545,77.48823399024144,14.0,16.954545454545453,11.273556386210767,17.0,17.045454545454547,12.40382918114315,2.0,3.5454545454545454,3.6868785704269667,11.0,32.18181818181818,42.69006393110179,49.5,59.68181818181818,41.36755844589926,10.5,19.90909090909091,19.786741811504783,15.5,19.363636363636363,17.646112358966818,51.15,47.82727272727272,19.014685598196685
2,Aston Villa,22.0,20.23076923076923,10.277383683828068,12.5,14.538461538461538,11.731089529044672,1094.5,1298.7692307692307,949.5864913821092,1.0,2.0384615384615383,3.376160769048408,0.0,1.6153846153846154,2.450745569444908,2.0,2.3846153846153846,2.3164960276576876,0.0,0.038461538461538464,0.19611613513818402,0.8500000000000001,2.080769230769231,3.0502484135911594,0.55,1.5153846153846153,2.062753947070238,19.0,24.96153846153846,24.171852670791733,34.5,46.80769230769231,49.04611644627471,25.5,46.26923076923077,53.14700946793352,0.045,0.18307692307692308,0.2873432683153615,0.0,0.09192307692307693,0.11610406472709664,0.08,0.20230769230769233,0.2538079225289501,0.05,0.09192307692307694,0.10751815589077895,1.6800000000000002,1.6800000000000002,0.4525483399593903,61.150000000000006,61.150000000000006,7.848885271170679,,,,50.0,50.0,,29.4,31.54782608695652,20.748688229406376,1.09,1.518076923076923,1.4800405919589348,0.06,0.0808695652173913,0.08010862191017785,16.7,16.813043478260866,4.650738391796813,504.5,517.0,432.4493033871138,81.94999999999999,81.33461538461538,7.210766522787564,7476.5,8879.76923076923,8081.801582853626,91.45,90.22692307692309,5.384240536403083,86.45,86.3423076923077,8.003158030523856,53.9,54.06153846153846,15.76160085582875,8.5,12.884615384615385,15.235030483925978,24.0,40.34615384615385,47.88648436266108,8.0,11.076923076923077,12.98282889642493,0.0,2.0,3.8052595180880897,34.5,46.80769230769231,49.04611644627471,22.5,30.307692307692307,30.44702840116813,1.93,2.1550000000000002,1.4223002495957033,2.5,3.6923076923076925,3.90660190722557,0.195,0.2488461538461538,0.2073707196896789,12.0,22.307692307692307,21.067072375191064,6.5,12.884615384615385,12.829113525343589,6.5,10.76923076923077,11.829818907515676,6.0,8.346153846153847,8.428249202259305,11.0,11.346153846153847,9.324987110735576,3.0,3.8461538461538463,4.388095784663846,6.0,7.5,6.543699259593154,6.0,8.384615384615385,8.62126173168138,700.0,758.5384615384615,579.5247177312962,32.0,92.26923076923077,198.06757588102255,147.0,255.6153846153846,307.9181809407268,262.0,323.53846153846155,306.9629594292094,120.0,186.92307692307693,172.44637962611407,22.0,33.19230769230769,38.54661513624171,17.5,25.0,31.157663583779833,47.4,50.592,25.314865856514693,38.9,38.284,23.61016165411269,424.0,428.84615384615387,321.03005370933016,1141.5,1238.576923076923,950.1460592172942,19.0,24.96153846153846,24.171852670791733,13.5,15.384615384615385,13.401722047787509,2.0,7.384615384615385,10.947426813920877,10.0,17.692307692307693,22.214894518352736,8.5,13.692307692307692,15.622469025782655,494.0,507.34615384615387,390.28112353099453,25.5,46.26923076923077,53.14700946793352,8.5,14.0,13.908270920570969,10.0,17.26923076923077,18.22428641633508,0.5,1.8461538461538463,2.9757998278420232,6.0,21.307692307692307,35.206555333652545,40.0,48.96153846153846,37.39356176587704,9.5,13.076923076923077,12.36098079255227,10.0,14.5,14.238679714074618,50.0,41.315999999999995,23.306913852617498
3,Bournemouth,26.0,22.217391304347824,10.180000543575312,17.0,16.695652173913043,11.632379505691295,1670.0,1494.608695652174,1004.3940615266698,1.0,2.347826086956522,3.587968476249654,1.0,1.6956521739130435,2.0545909260769615,3.0,3.869565217391304,3.0793202884297664,0.0,0.08695652173913043,0.2881040655200304,1.1,2.682608695652174,3.577156333015101,1.1,1.808695652173913,1.874206024252369,19.0,29.869565217391305,34.65322279099553,43.0,58.47826086956522,52.052307227893714,31.0,57.65217391304348,71.61171101258647,0.03,0.13521739130434784,0.18007244918788032,0.04,0.10043478260869568,0.11451392376116482,0.08,0.18086956521739128,0.20232541393144277,0.1,0.1282608695652174,0.14858888291686634,1.0,1.0833333333333333,0.14433756729740646,80.0,80.0,4.599999999999994,,,,0.0,0.0,,29.7,25.02,16.673035274453117,1.21,1.5778260869565217,1.581765286926256,0.065,0.06000000000000001,0.056661506472996934,16.450000000000003,15.804999999999998,4.375948017587912,436.0,504.7826086956522,408.761205742617,74.3,73.93043478260869,6.575673818401267,7088.0,9147.95652173913,7897.391724074364,88.0,86.84347826086957,7.08993050914506,78.3,81.62173913043478,10.801807783116638,47.8,46.660869565217396,17.887546178847316,11.0,17.782608695652176,16.55831711293899,37.0,48.21739130434783,47.72549968473984,7.0,13.217391304347826,13.869379358661526,2.0,4.043478260869565,5.530726245831021,43.0,58.47826086956522,52.052307227893714,28.0,40.78260869565217,36.34550931588152,2.35,2.5721739130434784,1.868110266654366,2.0,3.9565217391304346,4.193916165867423,0.21,0.22826086956521738,0.20687396632893185,21.0,27.956521739130434,23.433616608449036,10.0,16.130434782608695,14.50800515021742,10.0,12.043478260869565,11.679345641965817,13.0,13.565217391304348,10.710343712999732,16.0,18.82608695652174,16.694180188733828,3.0,5.739130434782608,7.2627154407372,8.0,13.08695652173913,12.641608943478749,10.0,14.391304347826088,15.622650020911603,783.0,852.4782608695652,626.5489801331807,44.0,90.26086956521739,153.4657845761495,159.0,257.30434782608694,280.4485748975297,316.0,365.95652173913044,322.8818357261635,133.0,239.7391304347826,238.20430829462043,19.0,39.52173913043478,48.082192474985796,16.0,27.08695652173913,32.48623910558587,41.150000000000006,43.230000000000004,19.226492139753418,45.099999999999994,42.83,19.17059425814772,483.0,458.3478260869565,342.4985213897284,1183.0,1442.0869565217392,1300.3993062637435,19.0,29.869565217391305,34.65322279099553,17.0,21.08695652173913,20.42706102537483,1.0,9.08695652173913,16.02813731444646,18.0,23.52173913043478,21.605701194607686,8.0,14.08695652173913,17.22290505396879,435.0,499.69565217391306,370.4772640285168,31.0,57.65217391304348,71.61171101258647,16.0,20.52173913043478,17.98451244118215,10.0,15.608695652173912,13.894862132309528,0.0,2.739130434782609,5.074153680479389,10.0,32.95652173913044,41.37245269375787,59.0,73.21739130434783,57.25378631523709,20.0,23.17391304347826,21.295864246188618,22.0,24.608695652173914,20.979945251758842,47.0,50.181818181818194,18.400145868045936
4,Brentford,28.0,23.523809523809526,11.382526290850585,21.0,18.333333333333332,13.297869503545796,1913.0,1638.095238095238,1122.0364479267998,0.0,2.9047619047619047,5.539898572219188,2.0,1.9523809523809523,2.438774087040259,2.0,2.5238095238095237,1.8873009198071093,0.0,0.047619047619047616,0.21821789023599242,0.8,2.6095238095238096,4.196773136816518,1.2,1.8952380952380952,2.2310258157350376,12.0,25.857142857142858,32.37635821751068,52.0,58.285714285714285,54.494167446748705,27.0,57.57142857142857,77.18003072594065,0.0,0.11571428571428573,0.194642529488584,0.09,0.09857142857142859,0.10412904082366813,0.06,0.12095238095238095,0.16080748620337185,0.08,0.10428571428571429,0.08941875801930088,1.385,1.385,0.2050609665440988,61.55,61.55,16.334166645409244,,,,0.0,0.0,,34.8,30.88888888888889,17.79801340166232,0.63,0.8842857142857143,0.7881406690976646,0.05,0.07833333333333334,0.08672132514724461,15.3,15.93333333333333,4.311680442158732,489.0,582.2380952380952,445.7851393622161,77.3,76.69047619047619,7.844291221130483,7626.0,10679.142857142857,9438.228193287734,87.7,86.79523809523809,7.669255256573235,79.9,82.28571428571429,9.731355800415773,55.0,54.842857142857135,13.492574677524352,9.0,14.523809523809524,17.537442936811075,42.0,48.095238095238095,40.91931666328845,7.0,14.0,18.700267377767624,2.0,3.9047619047619047,5.271667306505238,52.0,58.285714285714285,54.494167446748705,21.0,34.095238095238095,35.68880043081409,1.72,1.874761904761905,1.1583161012764136,2.0,5.0,5.822370651203855,0.2,0.27904761904761904,0.2717150117660922,25.0,27.523809523809526,22.234250712850763,17.0,16.523809523809526,12.890380318745631,12.0,13.619047619047619,11.177997094632788,11.0,11.857142857142858,10.518011762142663,17.0,21.19047619047619,19.307042879786245,4.0,8.714285714285714,12.942730999069928,13.0,12.476190476190476,10.385658609924782,8.0,12.761904761904763,12.3000193573212,804.0,937.047619047619,669.6892171888745,52.0,145.57142857142858,290.90867491853373,232.0,366.4761904761905,421.0808258574141,348.0,349.04761904761904,279.64378702028694,160.0,230.04761904761904,234.92093908174215,24.0,43.0,47.19110085598767,13.0,27.333333333333332,33.910666955005965,46.5,48.76315789473684,19.880090837214663,42.1,42.09473684210526,16.47629521748039,410.0,493.6666666666667,361.55391483613244,1204.0,1371.5714285714287,1143.6432822969134,12.0,25.857142857142858,32.37635821751068,11.0,15.952380952380953,18.81615314158606,1.0,9.19047619047619,17.531739923975167,14.0,23.285714285714285,26.448332380592277,8.0,12.571428571428571,13.544635205761095,497.0,573.5238095238095,410.8683023850366,27.0,57.57142857142857,77.18003072594065,12.0,13.333333333333334,10.82281540696936,10.0,15.047619047619047,14.579012965479489,1.0,2.9523809523809526,4.477456761111049,14.0,29.523809523809526,45.98545318643609,50.0,71.0,55.45087916345421,12.0,27.523809523809526,31.921182696790936,14.0,23.952380952380953,23.96137765337417,55.5,54.88571428571429,19.609826254056554
5,Brighton,21.0,19.535714285714285,10.035057595867649,10.0,13.75,10.127428835336973,929.5,1233.8214285714287,890.9927070230451,1.0,1.9642857142857142,2.9997795333452837,1.0,1.3214285714285714,1.6113847605587086,2.0,2.6785714285714284,2.5970577572917004,0.0,0.10714285714285714,0.314970394174356,0.75,1.910714285714286,2.643558108099663,1.0,1.3214285714285716,1.3985063839039513,18.5,26.357142857142858,30.01384160401144,40.0,49.785714285714285,50.2079801410221,27.0,49.464285714285715,62.593622999564744,0.045,0.1207142857142857,0.14892027624621396,0.035,0.09178571428571428,0.1313478156546529,0.09,0.12857142857142856,0.11850032929206586,0.08499999999999999,0.10250000000000001,0.07829786431030897,1.085,1.085,0.8273149339882605,69.85,69.85,7.283199846221438,,,,0.0,0.0,,29.3,30.565384615384616,21.94210459017443,1.02,1.342142857142857,1.2315373023112726,0.055,0.08038461538461537,0.08995468944888951,16.5,17.457692307692305,3.8228966061794636,343.0,517.2142857142857,488.97529719796813,80.55000000000001,79.32857142857142,8.156563235182071,4862.0,8798.57142857143,9292.458377545347,90.3,89.52857142857144,6.1105771772520345,82.1,81.26428571428572,10.622276183697698,52.55,54.046428571428564,15.593647380402658,9.5,11.892857142857142,10.064014682739268,23.0,38.642857142857146,48.632571226771304,7.5,10.928571428571429,10.509003446528764,1.0,2.857142857142857,3.817254061682111,40.0,49.785714285714285,50.2079801410221,24.0,29.964285714285715,23.638452889866862,2.8099999999999996,2.4699999999999998,1.219735854829051,3.0,3.5357142857142856,3.0121008155025826,0.28500000000000003,0.29785714285714293,0.27518824725734825,16.5,22.642857142857142,19.76194301009877,10.0,13.821428571428571,12.092402179723866,7.0,11.142857142857142,10.641338977689568,9.0,11.714285714285714,9.160531857667648,12.0,14.428571428571429,12.257812539518143,2.0,4.0,5.450110430413654,9.5,10.428571428571429,9.949608484493698,8.5,10.357142857142858,9.94508732514511,644.5,775.75,627.333665426763,23.5,85.67857142857143,197.215440303694,121.5,247.39285714285714,328.12873933369445,229.0,337.5,329.7354158176589,149.0,199.46428571428572,179.51095749962968,17.0,34.57142857142857,42.02770565148712,12.5,26.678571428571427,31.832959359558476,43.8,45.529629629629625,21.19547874166373,46.2,46.42222222222222,20.50268900437834,377.0,455.5,391.5661336696996,1092.0,1366.392857142857,1430.1862696421806,18.5,26.357142857142858,30.01384160401144,16.0,18.571428571428573,18.6238170321382,3.0,8.5,14.995060915243121,10.5,18.892857142857142,19.160799654143965,7.0,11.5,12.366322247375164,417.0,511.25,430.0699878443559,27.0,49.464285714285715,62.593622999564744,11.0,14.607142857142858,12.464287609344774,8.0,13.678571428571429,14.5603560483241,1.0,1.4642857142857142,1.8354965592579076,10.0,22.535714285714285,27.838798056824892,40.5,53.07142857142857,44.24755994229016,12.0,17.25,18.542493739356477,11.0,15.678571428571429,14.817541085130276,53.8,50.05925925925925,20.09338312937982
6,Chelsea,18.0,19.692307692307693,11.2632827568848,11.5,14.807692307692308,11.79158761412298,1046.5,1329.5,1029.0452371008769,1.0,2.269230769230769,3.6502897672123757,1.0,1.7307692307692308,2.254909174360552,2.5,3.6923076923076925,3.197114083284871,0.0,0.038461538461538464,0.19611613513818402,0.75,2.5653846153846156,4.20950755387775,1.05,1.965384615384615,2.4762782247061508,11.0,31.192307692307693,41.09892381147636,34.5,57.53846153846154,63.00300359140397,11.5,56.80769230769231,76.25746873888183,0.05,0.1453846153846154,0.20468963372346474,0.065,0.13153846153846155,0.1841888662800726,0.08,0.15615384615384617,0.17830483836569153,0.095,0.15423076923076923,0.17029792898149002,1.3,1.3,0.28284271247461895,73.85,73.85,3.464823227814077,,,,10.0,10.0,14.142135623730951,33.3,29.882608695652173,21.680314744736293,0.87,1.361923076923077,1.326665049606024,0.07,0.09347826086956523,0.11849851152314775,15.0,15.073913043478266,4.556236224950306,521.0,648.7307692307693,587.2944445636998,84.75,84.0576923076923,6.4410044606053845,7782.0,11225.0,10550.480872453161,91.9,91.0653846153846,5.697082924282729,90.7,88.54230769230769,7.302228321652128,57.5,57.15384615384615,17.983575412453014,6.5,16.807692307692307,21.850435658392225,27.5,53.88461538461539,58.51244443574506,4.0,12.807692307692308,17.116119258217925,0.0,2.730769230769231,5.488589562411766,34.5,57.53846153846154,63.00300359140397,15.0,38.96153846153846,47.7505859811004,1.72,2.3165384615384617,1.678706507541309,2.5,4.076923076923077,4.706787243316417,0.23,0.25346153846153846,0.242684030091678,11.0,20.73076923076923,23.8839824021166,8.5,13.0,14.767531953579786,6.0,9.692307692307692,11.435975623511029,5.5,9.692307692307692,12.10873810359851,9.0,12.653846153846153,13.841798460293539,1.5,3.730769230769231,5.632460864010986,5.5,8.923076923076923,10.071437144412219,7.5,9.923076923076923,11.471436098145958,744.5,902.2307692307693,767.0820716294864,20.0,85.0,179.55968367091762,126.5,271.61538461538464,334.7028624823011,267.5,407.03846153846155,412.55821220954806,92.5,231.26923076923077,258.923086292792,12.0,40.84615384615385,52.00514767420034,13.0,27.76923076923077,34.050912107968784,45.05,45.991666666666674,20.566581518626734,40.0,39.59583333333333,22.1119381323984,405.5,522.6153846153846,421.20769954245395,1016.0,1491.1538461538462,1199.768434067431,11.0,31.192307692307693,41.09892381147636,9.5,17.423076923076923,19.233664397452873,1.0,11.576923076923077,21.692714126034257,6.0,16.346153846153847,19.88756859486309,5.5,10.76923076923077,12.054236408193404,523.0,643.4230769230769,538.6618362629321,11.5,56.80769230769231,76.25746873888183,8.0,15.461538461538462,16.147397980432064,10.5,15.884615384615385,16.90757681769194,1.0,2.3461538461538463,4.629836348661215,3.0,23.692307692307693,40.59632419889193,38.0,55.92307692307692,51.396438068740196,9.5,14.26923076923077,16.576025319255983,8.5,13.846153846153847,14.69337893799056,42.1,46.872,26.27191973698661
7,Crystal Palace,29.0,23.95,10.127996632576144,19.5,18.0,12.723786262041077,1715.5,1612.2,1067.1118720023787,0.0,1.8,3.442765106560041,1.0,1.6,2.1126187291456175,2.5,3.6,3.283130726672493,0.0,0.2,0.4103913408340617,1.0,2.505,3.416442440224688,1.35,1.9550000000000005,2.132326379678703,12.5,21.6,22.33807229114031,52.5,49.4,39.091525532026154,11.0,50.3,63.677724767605724,0.0,0.0775,0.13058068689309948,0.035,0.06499999999999999,0.08211032373068501,0.07500000000000001,0.14150000000000001,0.14364704551159596,0.11499999999999999,0.10450000000000001,0.07493681549004784,1.38,1.38,,66.9,66.9,,,,,50.0,50.0,,33.3,30.326315789473686,18.780540818897958,1.03,1.335,1.1238257029122958,0.0,0.05421052631578947,0.07403571131357896,17.7,18.157894736842106,5.90078297906997,516.0,511.6,391.2006350226252,75.55,74.705,6.3202660670176485,8974.0,9163.85,7607.804547236172,84.8,84.515,5.885779025485251,82.35,81.85,10.311286611230791,46.7,47.126315789473686,15.249802989811709,10.0,16.2,15.936056436171468,28.5,38.25,32.47164755193124,7.5,11.9,12.121750785479101,1.5,2.9,4.153628724253935,52.5,49.25,39.28020125363815,32.0,37.6,34.12577355976904,2.19,2.5315,1.7016316473190944,3.0,3.7,3.2943332525637667,0.16,0.184,0.1673131322118091,25.5,33.25,29.800874236558194,13.0,19.35,18.525302753403604,9.5,14.0,13.202870501284341,15.0,14.1,10.202682825713305,17.5,20.5,18.219422834465767,2.5,5.75,6.904422686335111,14.0,14.75,13.110361510933572,10.5,13.4,14.376149839596355,881.0,872.95,618.4647779614837,25.5,109.8,217.90355181762607,172.0,325.0,366.9434202764924,369.0,361.45,271.56572820744907,157.5,194.75,180.3709262953195,20.5,33.4,35.508931419099554,12.5,20.9,29.16179909257639,41.9,43.147368421052626,22.093321475078607,47.6,47.09473684210526,23.367842901546243,423.0,438.6,311.3281227258469,976.5,1072.3,785.691991344673,12.5,21.5,22.43470056572372,13.5,15.25,14.00328908732366,1.0,5.35,7.672747397873785,15.0,22.0,20.398658366615553,14.0,14.8,14.32553847614738,514.0,508.15,349.8925060493204,11.0,50.05,63.86620471942229,12.0,17.9,16.25746791963296,18.5,17.35,15.346094994458603,1.0,3.15,5.060424363315996,12.0,26.3,31.74420792588949,63.5,71.4,54.05883734170429,14.0,21.65,22.108048070186662,19.0,27.4,25.357237106676475,44.8,42.05499999999999,18.325606904576247
8,Everton,24.0,22.40909090909091,9.28726260817722,15.0,17.454545454545453,10.649065564761885,1357.5,1565.2272727272727,904.2691830485297,1.0,1.5,2.132514723892674,1.0,1.0,1.1126972805283737,3.0,3.409090909090909,2.174726932154295,0.0,0.09090909090909091,0.29424494316824984,1.1,1.7,2.0189577697887775,1.05,1.3,1.1079797144438375,12.0,20.318181818181817,20.501768480365563,40.0,43.5,35.400766739073404,24.0,42.54545454545455,40.94331420824379,0.04,0.09363636363636364,0.13076862353191954,0.035,0.07545454545454545,0.09912605119732161,0.05,0.11136363636363635,0.12333830573807013,0.055,0.08045454545454547,0.0695890845797004,1.23,1.23,,71.1,71.1,,,,,100.0,100.0,,35.7,32.55238095238095,23.156783434830043,0.86,1.0740909090909092,0.8711768673461975,0.05,0.08095238095238096,0.10573101540724755,17.3,17.271428571428572,5.332555002730198,428.5,473.5,339.25980352189424,74.15,74.57727272727274,7.898157218357167,7396.5,8940.727272727272,7796.047900985401,86.45,85.33636363636363,7.516809445664045,83.19999999999999,80.3,12.045785668894842,58.3,57.47272727272727,14.987810342890615,9.5,12.318181818181818,9.794976183817827,36.5,41.86363636363637,34.958881226712286,8.0,10.863636363636363,10.213415335422956,2.0,3.8181818181818183,5.35978289926679,40.0,43.5,35.400766739073404,25.5,29.40909090909091,19.353009095201735,1.76,1.880909090909091,1.081488872720465,2.0,2.5454545454545454,2.086858489447321,0.11,0.18000000000000002,0.1744378726898818,26.0,30.863636363636363,28.235903275196172,14.5,18.045454545454547,17.06144992645917,13.5,14.090909090909092,12.637469197019936,8.5,13.227272727272727,11.35962699832726,13.0,16.363636363636363,14.334591709585576,3.0,5.863636363636363,9.387405212484259,7.5,10.5,8.584315708923816,9.5,13.863636363636363,13.046785608670618,746.5,808.6363636363636,510.6739287175932,31.0,101.5,217.83146609029563,170.0,288.77272727272725,360.4804904328166,301.5,327.72727272727275,235.52781289977335,180.5,200.77272727272728,144.58674503503715,19.0,30.09090909090909,26.0346090003454,18.0,27.045454545454547,29.934018349454092,47.2,46.88571428571428,18.287325821844092,45.0,45.347619047619055,18.55164734053607,377.5,396.3636363636364,246.8148612980502,761.5,1053.909090909091,818.4768030043839,12.0,20.318181818181817,20.501768480365563,11.5,15.227272727272727,11.54259943563848,2.0,5.090909090909091,7.0973441773873684,12.5,21.59090909090909,20.30167502099294,11.5,16.318181818181817,14.257450395315841,439.5,468.8636363636364,275.28708745504304,24.0,42.54545454545455,40.94331420824379,15.0,18.318181818181817,13.56952595458053,14.0,15.636363636363637,12.602136835229683,1.0,3.5,6.307591797644667,8.5,28.727272727272727,36.723136366448124,56.0,63.45454545454545,47.04276400278415,11.5,25.454545454545453,29.2879420544283,15.0,23.5,23.645698289943724,50.6,48.35,19.10573960134194
9,Fulham,27.0,24.5,9.328655290223212,17.5,17.454545454545453,11.496282101814575,1620.5,1568.2727272727273,963.243685818079,0.5,2.227272727272727,3.2649920612726087,1.0,1.9090909090909092,2.561790499391112,2.5,3.409090909090909,2.9866224099998684,0.0,0.09090909090909091,0.29424494316824984,1.05,2.122727272727273,2.684866196574141,1.0,1.6272727272727274,1.8822938939045366,22.0,32.81818181818182,36.18818060616499,53.0,65.31818181818181,49.51804516069669,39.0,64.18181818181819,71.84085345475945,0.015,0.16136363636363635,0.23915118658139675,0.08499999999999999,0.10272727272727272,0.11695264887090877,0.085,0.14590909090909093,0.15067021985619836,0.085,0.10090909090909092,0.08111773283374345,1.34,1.34,,68.3,68.3,,,,,0.0,0.0,,29.7,29.25238095238095,18.721154319315332,1.495,1.4963636363636363,1.1201936289025065,0.05,0.07285714285714286,0.09127665951067979,15.4,16.34285714285715,4.266212773476194,652.0,678.5454545454545,508.4215280812273,81.65,80.42272727272727,7.950437653013755,11199.0,12124.045454545454,9949.947357971645,90.5,88.66363636363637,6.539079988772664,85.25,84.37727272727273,9.081741589751951,58.2,59.15909090909091,12.973807279464086,10.0,16.454545454545453,16.94733374935778,44.5,56.5,48.66185560042065,8.0,13.863636363636363,18.89896811127517,2.5,4.5,7.209451468467658,53.0,65.31818181818181,49.51804516069669,30.5,38.63636363636363,31.625103733382222,2.1950000000000003,2.5418181818181815,1.7431652555696227,3.0,4.136363636363637,4.2683269226495195,0.18,0.2286363636363636,0.19739482925020757,23.5,28.272727272727273,23.005551748554335,12.0,17.227272727272727,14.42197997826604,8.5,12.090909090909092,10.743366019079563,8.5,11.636363636363637,11.244238543934419,14.0,15.454545454545455,11.206831559056896,2.0,4.590909090909091,6.299350615882417,11.0,10.863636363636363,8.049226254121777,8.5,12.727272727272727,13.718884510330723,976.0,1000.6363636363636,689.4235373504548,26.5,109.04545454545455,236.86171920758753,155.5,334.95454545454544,397.40305523698265,388.5,412.1363636363636,324.87701635784543,209.0,264.1363636363636,227.07693167830348,32.0,39.04545454545455,38.11695944592902,18.5,26.818181818181817,27.093552850458835,43.6,43.44285714285714,18.895014459602073,41.7,37.471428571428575,15.186841108576296,533.5,590.0454545454545,418.937258317909,1222.5,1603.3636363636363,1309.0666811731082,22.0,32.81818181818182,36.18818060616499,18.0,23.272727272727273,23.411803734709427,4.5,9.227272727272727,11.156598808315056,14.5,21.227272727272727,18.29892481406078,8.0,11.545454545454545,11.677113442755378,632.5,671.6818181818181,460.80461579653684,39.0,64.18181818181819,71.84085345475945,15.5,17.954545454545453,14.297776293060641,15.5,14.954545454545455,11.004229804628473,1.0,1.8636363636363635,3.211518770590142,15.0,37.90909090909091,51.353962234957464,61.0,67.72727272727273,44.73858653937477,15.0,22.318181818181817,23.041135809545924,19.0,22.272727272727273,21.173167696474476,47.2,45.91363636363636,21.268874988819775
10,Ipswich Town,19.0,18.448275862068964,9.06951804868748,12.0,12.931034482758621,9.841352384137481,990.0,1161.8620689655172,808.7684077895374,0.0,1.103448275862069,2.350453263069045,0.0,0.7586206896551724,1.0231314820474688,2.0,2.9655172413793105,2.692353705014704,0.0,0.1724137931034483,0.3844258722192448,0.5,1.0551724137931036,1.7889714137492032,0.3,0.6931034482758621,0.9841352384137481,9.0,15.03448275862069,18.590479050579876,18.0,27.862068965517242,26.206220823541436,14.0,27.03448275862069,35.97963983642166,0.0,0.08620689655172414,0.15053271578685976,0.0,0.05689655172413794,0.08664803386920568,0.04,0.08793103448275862,0.1148408622630473,0.03,0.05344827586206897,0.05582343735059199,2.45,2.316666666666667,0.43558389930452357,58.7,62.099999999999994,6.863672486358887,,,,0.0,0.0,0.0,22.2,28.3304347826087,24.956588395608605,0.5,0.8396551724137931,0.8321250024512143,0.07,0.07347826086956522,0.08155359061557309,16.0,16.3,5.239101241451802,241.0,353.9310344827586,313.3497510809017,76.0,75.26206896551724,8.238949906784388,4343.0,6335.0,5655.081311781215,87.0,87.45862068965516,7.2759151236596695,84.4,81.80344827586208,11.072826544506558,50.0,48.46666666666666,13.50136745211103,4.0,8.206896551724139,11.273798036486534,20.0,26.724137931034484,29.251247289308804,4.0,4.827586206896552,6.077293602990217,0.0,1.5172413793103448,2.8861824718966993,18.0,27.862068965517242,26.206220823541436,13.0,19.03448275862069,21.45174444891319,1.34,1.4710344827586208,1.2211538595805496,1.0,1.793103448275862,2.076730093626372,0.1,0.12862068965517243,0.1471812327402375,13.0,18.655172413793103,16.81469566027834,8.0,10.586206896551724,9.630744079617816,6.0,9.10344827586207,8.616200801754658,7.0,9.96551724137931,9.563631851299595,8.0,13.793103448275861,14.062054590647302,2.0,5.9655172413793105,9.733897907462683,7.0,7.827586206896552,7.644180632150566,7.0,9.96551724137931,9.462266259127393,477.0,588.6896551724138,473.0404017363388,28.0,96.65517241379311,135.2712290870428,140.0,245.55172413793105,255.32928126621357,158.0,230.24137931034483,217.99928819877465,101.0,119.17241379310344,124.58991846554534,11.0,17.82758620689655,21.758527007519277,7.0,17.96551724137931,26.881330162959745,44.4,44.18095238095238,11.988228353164578,43.8,45.36666666666666,9.191807946934778,232.0,290.13793103448273,225.26662363549983,604.0,786.9310344827586,633.8078196241735,9.0,15.03448275862069,18.590479050579876,6.0,9.689655172413794,11.161488150510671,1.0,4.379310344827586,7.784663462326093,11.0,16.724137931034484,21.377385500510545,4.0,10.068965517241379,14.290184029812607,290.0,348.2413793103448,286.8546988051633,14.0,27.03448275862069,35.97963983642166,9.0,13.586206896551724,14.98932296521978,8.0,12.137931034482758,11.966393829420296,1.0,1.5517241379310345,2.810518595975683,6.0,15.137931034482758,29.264464235572017,40.0,44.48275862068966,36.426658889232655,7.0,17.17241379310345,23.014077936150983,14.0,16.79310344827586,18.51520477558305,50.0,52.88620689655172,26.61473442794331
11,Leicester City,21.5,20.23076923076923,9.717232907809475,15.0,14.807692307692308,9.968025805621616,1408.0,1329.1923076923076,824.5063016972408,0.0,1.1153846153846154,2.0065278084676144,0.0,0.8461538461538461,1.189699380257305,2.0,3.1153846153846154,2.643133338701218,0.0,0.0,0.0,0.4,1.1846153846153846,2.1715786529973644,0.4,0.9192307692307692,1.1405329388559475,15.0,21.03846153846154,22.97560579263279,30.5,38.84615384615385,34.95905297080264,20.0,38.26923076923077,40.63944654377831,0.0,0.061153846153846156,0.09778862604932838,0.0,0.056538461538461544,0.08574111301784262,0.045,0.06769230769230769,0.08585139217544197,0.025,0.06692307692307692,0.08132744829486442,2.19,2.6333333333333333,1.207656132072923,61.3,55.26666666666667,13.317782598215565,,,,25.0,25.0,,32.9,34.24090909090909,22.96277855866313,0.56,0.8211538461538461,0.7268635466059742,0.0,0.05636363636363637,0.07234477336868389,16.9,17.80909090909091,5.814424517313168,424.0,499.6923076923077,371.7056651955436,77.69999999999999,78.11153846153846,8.394823496563912,6483.0,8378.461538461539,6446.121694357123,89.05,88.78076923076924,6.981175788118745,83.0,84.38846153846151,9.071375945161877,53.2,55.05769230769231,17.751646077520206,6.5,9.038461538461538,9.331584085162687,24.5,34.80769230769231,31.72004947129715,5.5,7.6923076923076925,8.446392038115356,1.0,2.4615384615384617,4.012288815434594,30.5,38.84615384615385,34.95905297080264,15.5,20.884615384615383,18.817708517408644,1.325,1.3634615384615385,0.9827876365021786,1.0,1.9230769230769231,2.365131318520423,0.10500000000000001,0.12423076923076923,0.1428054082147613,21.5,25.846153846153847,22.3010175690569,12.0,15.076923076923077,13.531956479158737,9.0,11.846153846153847,10.83583797476617,10.0,12.807692307692308,11.86598240608583,16.5,17.73076923076923,14.001593315927133,4.0,6.769230769230769,8.199061860031023,9.0,10.961538461538462,8.655545132368125,9.5,11.76923076923077,11.90733452056401,756.0,776.4230769230769,523.4231307901417,34.0,101.46153846153847,167.52294905934073,149.0,284.0769230769231,284.71149229729707,325.5,353.61538461538464,278.4136601423252,104.0,146.15384615384616,134.96449675605575,15.5,22.423076923076923,24.625471490995785,11.5,22.884615384615383,27.055981849604972,41.3,43.55833333333334,28.180318705061527,48.55,48.30416666666667,25.450386162042836,445.0,440.88461538461536,286.6084893261994,1080.5,1097.0384615384614,748.8048333588256,15.0,21.03846153846154,22.97560579263279,8.0,13.192307692307692,12.441926637845864,2.5,5.038461538461538,6.276819380742252,13.0,17.26923076923077,15.759588046158292,9.0,11.615384615384615,13.05090624616367,478.5,495.2692307692308,329.84645612069966,20.0,38.26923076923077,40.63944654377831,13.5,14.461538461538462,10.882024698486102,12.0,13.461538461538462,11.903716291077401,1.0,2.269230769230769,4.911681523125801,9.5,22.615384615384617,27.965803293418087,42.0,53.0,37.728503813429974,12.0,17.923076923076923,16.96566668757365,15.5,20.03846153846154,17.86276746583411,50.0,49.208333333333336,19.749296446833934
12,Liverpool,28.0,25.19047619047619,8.92535180045609,20.0,18.333333333333332,11.921968517544968,1717.0,1643.095238095238,977.4990488364632,1.0,3.8095238095238093,6.493219907095766,2.0,2.857142857142857,3.9910614413425693,3.0,3.0476190476190474,2.2688364964490164,0.0,0.09523809523809523,0.30079260375911915,1.7,3.6761904761904765,5.513973590969108,1.2,2.6761904761904765,3.1846357345707155,24.0,35.666666666666664,36.51620644773131,71.0,83.95238095238095,68.39990949590226,54.0,83.04761904761905,111.0078718787439,0.04,0.16523809523809524,0.23183224641147418,0.16,0.13904761904761906,0.13190544954264632,0.07,0.1842857142857143,0.20711280570190313,0.11,0.13047619047619044,0.10938355408726627,1.06,1.06,0.19798989873223324,69.5,69.5,2.6870057685088886,,,,50.0,50.0,70.71067811865476,32.8,31.494444444444444,15.156884369515053,1.33,1.522857142857143,1.328612595368352,0.07500000000000001,0.07555555555555556,0.0703957069398096,14.6,15.488888888888889,4.028850206563667,681.0,807.1428571428571,634.1773636542292,83.8,82.94285714285714,7.54556634246704,11124.0,13712.952380952382,11314.636509743434,91.7,91.29523809523809,5.919837513857639,88.3,86.79047619047617,9.57365681241524,60.8,60.276190476190465,15.250308349731975,12.0,22.428571428571427,22.80914603524522,41.0,69.57142857142857,71.30748307756448,8.0,19.047619047619047,23.236772991265784,1.0,3.7142857142857144,5.959386353835913,71.0,83.95238095238095,68.39990949590226,35.0,50.80952380952381,45.631808037397604,2.54,2.623333333333333,1.5060688341949489,4.0,6.523809523809524,6.630377422281839,0.32,0.32857142857142857,0.23818660151834137,26.0,28.476190476190474,23.932444604801756,16.0,17.61904761904762,14.66791120260888,11.0,15.19047619047619,14.739806808839278,9.0,13.761904761904763,14.320980280360567,9.0,15.952380952380953,14.796878692738515,2.0,4.190476190476191,4.718252299517775,9.0,11.761904761904763,12.879847677301008,7.0,13.095238095238095,15.952757635922266,860.0,1139.4285714285713,817.564894759344,32.0,102.33333333333333,159.90288719511392,187.0,314.6190476190476,329.93703584024576,307.0,513.4761904761905,469.2663016931452,218.0,321.23809523809524,285.0820767361401,44.0,57.38095238095238,73.48841826470085,19.0,29.285714285714285,35.421946385176035,49.0,54.8,20.754859925480485,44.35,38.220000000000006,18.67347119085762,550.0,655.0,456.14197351263346,1598.0,1773.3809523809523,1235.2182186233522,24.0,35.666666666666664,36.51620644773131,19.0,24.285714285714285,21.185237447672986,6.0,14.047619047619047,26.175324621628267,19.0,23.047619047619047,25.32879031946885,11.0,14.952380952380953,16.169341948503007,606.0,798.2380952380952,570.0718292252218,54.0,83.04761904761905,111.0078718787439,16.0,19.047619047619047,16.478701983093785,12.0,15.666666666666666,13.547447484058884,1.0,2.619047619047619,4.3985928485845385,6.0,32.095238095238095,45.267985112996534,66.0,70.71428571428571,48.99096126546494,9.0,18.095238095238095,26.134086480886914,12.0,16.285714285714285,13.126853610606226,42.9,50.223809523809514,21.815955279609113
13,Manchester City,23.0,19.88,8.973665174646682,17.0,15.36,8.625929901562305,1494.0,1381.36,766.2823065511387,1.0,2.64,4.414748010928823,0.0,1.92,2.564501251055781,2.0,2.32,1.7492855684535902,0.0,0.04,0.2,1.3,2.52,4.175424130153327,1.5,2.028,2.249355463238303,35.0,41.64,45.442161040161814,64.0,70.28,60.42179518462964,26.0,69.6,78.21764506810467,0.06,0.1784,0.24563998045920785,0.0,0.102,0.1414213562373095,0.07,0.16079999999999997,0.2177904191342371,0.07,0.1164,0.12195900950729306,1.2850000000000001,1.2850000000000001,0.2616295090390225,68.25,68.25,0.3535533905932738,,,,0.0,0.0,0.0,32.05,31.45,21.18042110287796,1.05,1.3388,1.1830586066069029,0.10500000000000001,0.13272727272727275,0.21026472697829138,17.85,17.027272727272727,4.839537740438185,676.0,793.52,591.8990707882554,87.7,86.50399999999998,6.95680003066544,10078.0,12871.28,9746.228939612149,94.4,92.12799999999999,6.126072695182998,91.9,89.51600000000002,7.833990043394235,64.3,59.776,12.408843620579638,9.0,17.24,16.845573107891976,42.0,62.0,64.94548996402034,11.0,15.88,16.202674676320164,1.0,2.32,3.171750305430741,64.0,70.28,60.42179518462964,33.0,39.76,33.935330655036594,2.08,2.3836,1.746314881877454,3.0,4.64,4.55411901469428,0.26,0.2756,0.2381015189647755,15.0,18.44,17.058917511573434,7.0,11.2,10.88959748261309,7.0,8.04,7.5910034470637235,6.0,8.84,8.547319267856249,11.0,12.44,9.600694419328914,1.0,3.28,4.817675788178361,9.0,9.16,7.098591409568521,5.0,8.2,8.582928793055823,892.0,1033.8,699.0405925266429,39.0,78.52,139.2913971978648,197.0,241.56,242.91049105929258,331.0,447.28,395.86745677478126,324.0,353.4,278.8552491885351,22.0,48.52,51.75995878411548,21.0,29.68,41.02206723216177,45.7,47.89565217391304,26.413744326165936,36.1,37.56086956521739,23.657763268023665,590.0,664.68,466.34525121773606,1714.0,2051.96,1583.7090294621673,35.0,41.64,45.442161040161814,23.0,31.16,27.549470654321716,3.0,14.48,23.368639954719946,14.0,17.4,15.124483462254174,13.0,14.88,14.509537093466031,630.0,783.04,543.7994023534781,26.0,69.6,78.21764506810467,11.0,10.64,8.18474190185616,12.0,13.88,11.47214016650773,0.0,1.68,2.4617067250182343,8.0,23.6,32.247738938825876,46.0,53.0,35.29046141192641,5.0,11.12,13.488637193331774,8.0,11.96,11.11860302975753,47.3,45.18,20.939854345243187
14,Manchester Utd,20.0,17.75862068965517,11.64552388692691,11.0,12.862068965517242,10.969842224191071,1114.0,1155.5862068965516,946.9200266895893,0.0,1.2413793103448276,2.246507963385986,0.0,0.9310344827586207,2.034190510862431,2.0,2.6206896551724137,2.513020281645294,0.0,0.10344827586206896,0.40925259281898757,0.7,1.6,2.3077509150067055,0.3,1.1689655172413793,1.7291830127622743,9.0,21.103448275862068,31.74040330510064,23.0,43.96551724137931,56.57705413139846,12.0,41.44827586206897,65.09146652809665,0.0,0.06413793103448276,0.10469401815970025,0.0,0.04241379310344828,0.08634048762287404,0.06,0.12551724137931033,0.16376346633606637,0.06,0.07724137931034482,0.08647446161911199,2.65,2.65,1.909188309203678,51.15,51.15,25.24371208835975,,,,25.0,25.0,,25.0,25.156521739130437,15.591980050565521,0.76,1.112413793103448,1.0854151778809729,0.0,0.04521739130434783,0.0556669940741281,15.9,15.773913043478263,5.4898432989148525,292.0,521.8275862068965,470.3526085339379,82.6,82.22758620689653,7.571794302905835,3771.0,8582.931034482759,8226.559439362218,91.3,90.48965517241379,4.7963039957559435,86.6,85.52758620689656,8.250753063107293,55.2,58.17931034482758,18.700752072545576,6.0,12.10344827586207,17.605487836763952,21.0,34.6551724137931,40.28139934268577,5.0,9.724137931034482,14.909001479748827,1.0,2.0,2.7645717829090897,23.0,43.96551724137931,56.57705413139846,14.0,28.24137931034483,36.578345635883096,1.8,2.1479310344827587,1.4632800222942017,0.0,2.2413793103448274,3.9790089614464224,0.0,0.11793103448275861,0.21070255457033038,14.0,25.724137931034484,28.100453163255136,9.0,15.517241379310345,17.178933713906638,8.0,12.413793103448276,13.602828596023986,5.0,10.068965517241379,12.418106119932753,8.0,11.724137931034482,11.35749139719852,1.0,3.3793103448275863,4.8285889176819135,5.0,8.344827586206897,8.820737991756236,6.0,11.724137931034482,12.867169051849245,587.0,767.1724137931035,671.0894164909088,24.0,81.82758620689656,185.52860175446136,128.0,273.7931034482759,316.4768530590626,223.0,324.1034482758621,311.63810797915517,70.0,176.3448275862069,222.855057935176,16.0,28.862068965517242,38.18070206075599,5.0,18.82758620689655,25.63489386073661,48.15,48.62307692307694,28.89991429319205,49.6,46.0,27.373257022137498,327.0,467.6551724137931,406.8506461539198,761.0,1170.6896551724137,1124.0325079007876,9.0,21.103448275862068,31.74040330510064,9.0,14.655172413793103,18.466718832361572,1.0,6.827586206896552,15.492092373477972,9.0,15.758620689655173,18.076534063360775,4.0,11.241379310344827,14.011870407453495,418.0,513.7586206896551,445.52622619392565,12.0,41.44827586206897,65.09146652809665,9.0,12.689655172413794,11.841523334303204,7.0,11.448275862068966,11.74304112137589,0.0,1.896551724137931,3.0746059862108104,6.0,18.75862068965517,35.78672456613504,33.0,54.10344827586207,51.94320031643507,9.0,14.96551724137931,16.15656160074354,13.0,15.448275862068966,17.84774136750032,50.0,48.50714285714285,21.696320366834495
15,Newcastle Utd,27.0,23.217391304347824,10.144216989986017,14.0,16.73913043478261,12.588657922923923,1503.0,1502.8695652173913,1050.9113060208886,0.0,2.782608695652174,5.187016323467755,1.0,2.0869565217391304,2.843062425021507,2.0,2.608695652173913,3.0262357421057633,0.0,0.043478260869565216,0.20851441405707477,0.5,2.634782608695652,4.436994139735529,0.9,1.8826086956521737,2.277489082682753,14.0,29.82608695652174,33.44011224142897,59.0,63.17391304347826,62.65029360296367,22.0,62.69565217391305,71.58557166878144,0.0,0.16086956521739132,0.2581034507796202,0.04,0.10304347826086957,0.1267938478077593,0.12,0.14304347826086958,0.16196056710336215,0.08,0.0973913043478261,0.09031346377551043,1.26,1.26,0.08485281374238578,70.4,70.4,0.4242640687119345,,,,50.0,50.0,,25.6,23.5952380952381,16.416256460913257,1.08,1.2921739130434784,1.0570970391584817,0.05,0.08476190476190476,0.10740665936612348,15.0,15.638095238095234,3.6399829931575494,479.0,616.8695652173913,528.14007304776,81.8,79.71304347826086,6.826839036134985,6849.0,10418.652173913044,9383.7411206284,88.6,87.73478260869564,7.614078389622748,86.8,85.29565217391304,11.200262913345526,52.3,54.26190476190475,12.648931820137074,8.0,15.826086956521738,16.587651962482774,26.0,45.608695652173914,48.60764916463511,8.0,15.478260869565217,18.7734570004311,0.0,2.8260869565217392,4.657859183564168,59.0,63.17391304347826,62.65029360296367,32.0,37.130434782608695,35.94352179313096,1.89,2.063913043478261,1.3870922468191402,3.0,4.826086956521739,5.382228111724764,0.23,0.2217391304347826,0.21126571321685797,22.0,24.434782608695652,22.022356588778596,15.0,14.956521739130435,13.69299177372918,12.0,12.391304347826088,11.861853030292231,9.0,11.608695652173912,10.760783726251638,17.0,17.130434782608695,14.194443047852747,3.0,5.6521739130434785,7.189693985472754,9.0,11.478260869565217,10.290638133837037,6.0,11.043478260869565,11.84551415235307,773.0,923.6521739130435,736.155221323209,26.0,91.73913043478261,145.62130756654844,122.0,301.7391304347826,343.43600930903943,232.0,387.82608695652175,354.6575367582742,133.0,243.1304347826087,228.07062390006743,33.0,43.0,46.887680103141655,8.0,26.956521739130434,30.859620955766726,45.3,43.07142857142857,16.940252148570366,46.9,44.98095238095239,16.698192089193938,498.0,525.5217391304348,429.8606401619882,1519.0,1429.9565217391305,1147.0369922805799,14.0,29.82608695652174,33.44011224142897,14.0,18.434782608695652,17.450777755411785,4.0,10.73913043478261,15.91516541285629,11.0,19.130434782608695,17.674594884970524,8.0,17.956521739130434,20.31899751658657,567.0,612.304347826087,506.39998876046667,22.0,62.69565217391305,71.58557166878144,9.0,15.826086956521738,16.94282410159385,11.0,18.217391304347824,24.096315300626227,2.0,3.0869565217391304,4.316069797631141,10.0,27.52173913043478,39.35487675130837,49.0,66.52173913043478,58.23765539518958,7.0,19.304347826086957,29.006950237061048,14.0,18.434782608695652,19.699621793685,50.0,49.52173913043478,24.045032685316624
16,Nott'ham Forest,29.5,23.863636363636363,10.575332729406783,18.5,17.0,12.902565267271097,1764.0,1527.6818181818182,1071.8204534415195,1.0,2.3636363636363638,4.169566090767885,1.0,1.7272727272727273,2.47235800655045,2.0,3.3636363636363638,2.9688133679726003,0.0,0.09090909090909091,0.29424494316824984,1.4,1.8863636363636365,2.542832214479687,1.1,1.3909090909090909,1.4198957342368121,12.5,25.59090909090909,33.337607951022875,34.0,44.27272727272727,41.716939368834694,17.5,43.90909090909091,55.97100362467379,0.05500000000000001,0.11863636363636365,0.1637156493827449,0.055,0.09363636363636361,0.11412380305721687,0.07,0.11272727272727275,0.1333517303325457,0.065,0.08772727272727272,0.08657129284346367,1.21,1.21,,73.8,73.8,,,,,0.0,0.0,,36.45,38.99,26.122039494810142,0.88,1.1354545454545453,0.906062792277546,0.06,0.07900000000000001,0.08484661082459954,18.8,19.09,6.3040421451970845,380.0,427.8181818181818,331.24162327070695,76.69999999999999,73.71363636363635,8.562837505592766,5542.5,7300.727272727273,6130.44255515684,88.1,86.27272727272728,7.728807079650705,81.4,77.49545454545455,11.905520019151071,43.4,45.136363636363626,15.824530248186125,10.0,13.818181818181818,14.802304722853975,26.0,37.63636363636363,36.1985864687789,6.5,9.545454545454545,10.331308278041593,1.0,2.409090909090909,3.3332251064681504,34.0,44.27272727272727,41.716939368834694,23.5,32.59090909090909,31.65236633132339,1.8,1.9281818181818187,1.3152643636624335,2.0,3.772727272727273,4.859275060392663,0.16,0.2127272727272727,0.22443965820050651,20.5,28.136363636363637,25.208266698777802,13.0,17.045454545454547,15.764569293883198,8.0,13.545454545454545,13.623254882482145,7.0,13.181818181818182,13.61244655815777,11.0,17.636363636363637,17.769812429123547,3.0,6.545454545454546,9.874099224629834,7.5,11.090909090909092,10.32753642733874,11.0,13.045454545454545,10.98690680820226,807.5,759.5,548.6952272263286,33.0,101.36363636363636,172.1551198233305,148.0,262.22727272727275,282.09824898060265,239.0,302.22727272727275,254.77589252371465,125.5,204.77272727272728,200.94584245943383,21.0,31.772727272727273,31.297241348357144,11.5,24.727272727272727,27.602936038075335,44.95,50.111111111111114,24.811237702699742,37.900000000000006,38.62222222222222,22.148046137581037,361.0,349.45454545454544,266.30196381314187,823.5,1069.6818181818182,985.8941499429718,12.5,25.59090909090909,33.337607951022875,10.5,16.09090909090909,17.473542151626706,2.0,7.7272727272727275,12.536354061694857,18.0,23.0,23.08782404315355,9.5,13.136363636363637,13.065022204145128,434.5,424.45454545454544,322.0633961952696,17.5,43.90909090909091,55.97100362467379,12.0,16.272727272727273,13.579332398843045,10.0,17.0,16.681897802279998,1.0,3.727272727272727,6.219644900151671,6.5,23.818181818181817,36.55346555602962,46.0,64.22727272727273,52.790630317800236,13.5,23.136363636363637,25.340153445142683,18.5,22.681818181818183,26.121303773405163,43.9,50.404545454545456,20.867438231727878
17,Southampton,20.0,18.655172413793103,10.379498549919608,13.0,13.241379310344827,9.840351229263668,1178.0,1184.3103448275863,856.2372878492552,0.0,0.8275862068965517,1.0713464664764274,0.0,0.5172413793103449,0.8289705171033532,2.0,2.8620689655172415,2.9486575387433818,0.0,0.10344827586206896,0.40925259281898757,0.5,1.0724137931034483,1.3879317994062084,0.5,0.8103448275862071,0.9220880139220546,10.0,20.620689655172413,26.91045175750685,24.0,36.44827586206897,39.45755966577666,20.0,35.3448275862069,38.70610496519063,0.0,0.05137931034482759,0.07637894894776001,0.0,0.04310344827586208,0.0972149109769492,0.04,0.07758620689655171,0.08958855046480124,0.03,0.054482758620689666,0.058711534939697926,2.33,2.4099999999999997,0.16522711641858315,67.1,67.46666666666667,2.6689573494781302,,,,14.3,14.3,20.22325394193526,30.0,25.887999999999998,22.6140502048321,0.68,0.8644827586206898,0.7486301118275803,0.05,0.0704,0.09650043177796322,18.1,17.311999999999998,6.087303727157588,257.0,499.7931034482759,481.213523983922,80.2,80.85172413793104,8.160734415902564,4218.0,8476.620689655172,8576.582746116615,90.9,89.59655172413794,7.081892541576959,89.5,85.36206896551724,10.849009625408982,55.25,53.69642857142857,17.126943947905854,5.0,8.827586206896552,9.449372486789198,13.0,32.241379310344826,39.483862139589746,5.0,7.0,7.764387566686396,1.0,1.8620689655172413,2.6011554840525677,24.0,36.44827586206897,39.45755966577666,15.0,20.03448275862069,20.125468510288663,1.37,1.405862068965517,0.8520585042010207,1.0,1.3793103448275863,1.8787114334687767,0.06,0.10758620689655173,0.14027155226340168,13.0,20.413793103448278,19.729450867347865,7.0,11.827586206896552,11.313926202179966,7.0,8.862068965517242,7.994302158104476,10.0,9.379310344827585,7.017395696733369,8.0,13.379310344827585,14.915030274150226,2.0,5.896551724137931,9.135272408113693,5.0,7.482758620689655,8.002770456246353,5.0,9.620689655172415,12.263225493620723,457.0,726.7931034482758,636.2733789872728,42.0,93.65517241379311,170.63940171812374,161.0,265.3448275862069,322.22610471775306,198.0,313.41379310344826,308.4020471075031,131.0,154.3448275862069,149.28574610507124,15.0,21.862068965517242,20.86474151346346,6.0,22.82758620689655,32.38172871666679,43.349999999999994,47.38461538461539,27.490663030311833,44.95,42.888461538461534,27.786965677066316,253.0,406.8965517241379,363.2547654615723,599.0,1101.344827586207,1119.5630294214304,10.0,20.620689655172413,26.91045175750685,9.0,15.241379310344827,18.795240986586002,1.0,5.103448275862069,7.5892067512553965,10.0,14.931034482758621,15.028380376766105,5.0,11.137931034482758,13.765184182076986,349.0,494.3448275862069,436.3488345563893,20.0,35.3448275862069,38.70610496519063,12.0,14.758620689655173,13.428794149709455,8.0,13.655172413793103,15.764507744725096,0.0,1.5172413793103448,2.6270663928633993,6.0,17.620689655172413,26.858642920061857,23.0,46.0,44.26059195266146,8.0,14.620689655172415,20.9172071904986,8.0,12.655172413793103,13.743247334259847,54.5,54.45172413793104,22.802124285276193
18,Tottenham,22.0,19.333333333333332,9.232051193032307,16.0,14.222222222222221,8.092414935430554,1300.0,1277.7777777777778,694.5650732837356,1.0,2.2222222222222223,3.250246538972477,1.0,1.7037037037037037,2.3828685817859694,2.0,2.4444444444444446,2.325995788959303,0.0,0.037037037037037035,0.19245008972987526,0.7,2.1,2.9091368003373312,0.9,1.5814814814814815,2.0200984433432247,18.0,29.51851851851852,29.123570113952994,49.0,56.925925925925924,47.133138698083364,31.0,56.51851851851852,69.30333012887307,0.06,0.1348148148148148,0.19355719429767385,0.07,0.11777777777777779,0.15054601477323326,0.06,0.14074074074074072,0.17121569675358275,0.08,0.10666666666666666,0.11076655979685732,1.75,1.7733333333333334,0.35557465226494056,64.9,63.4,6.481512169239523,,,,0.0,0.0,,34.15,32.9125,19.25579105439283,1.02,1.1848148148148148,0.9074663391526745,0.055,0.07458333333333333,0.08091751928684067,16.9,16.408333333333335,5.073196116904974,703.0,581.1111111111111,373.35272385541316,84.8,80.47037037037038,8.375964459498418,10567.0,9644.851851851852,6442.942941423487,91.0,89.21111111111111,6.897509769883695,89.8,84.44074074074075,11.116178758882485,55.6,54.42962962962962,14.817604260183089,7.0,13.518518518518519,17.69043716112089,39.0,45.111111111111114,39.490342863631604,8.0,13.37037037037037,16.639036926984385,1.0,3.037037037037037,5.1177029213196015,49.0,56.925925925925924,47.133138698083364,18.0,31.37037037037037,36.5178019265927,1.57,1.9548148148148148,1.512578975358033,2.0,3.814814814814815,4.599640763874409,0.19,0.24962962962962965,0.24832487222435487,14.0,22.85185185185185,20.77665795236365,9.0,14.481481481481481,14.001017464044892,7.0,10.407407407407407,10.525643628262063,9.0,10.25925925925926,8.600503529948753,15.0,15.148148148148149,12.249658405609972,5.0,5.2592592592592595,5.230035980112982,9.0,9.88888888888889,9.328753455078607,10.0,10.777777777777779,10.82494744465243,892.0,847.925925925926,515.9538534766252,60.0,86.33333333333333,119.40332426760088,228.0,275.18518518518516,231.30533218055456,393.0,358.7037037037037,259.8235813918618,168.0,222.33333333333334,227.9908905062791,24.0,35.888888888888886,42.50821941635191,19.0,28.51851851851852,29.70802840255394,42.15,44.29999999999999,25.462929917823676,48.55,42.62692307692306,24.18069573345329,588.0,528.1481481481482,309.81330652553464,1526.0,1462.7407407407406,859.1309827867027,18.0,29.51851851851852,29.123570113952994,18.0,19.85185185185185,17.05579915747969,4.0,8.703703703703704,12.005815305076167,16.0,18.40740740740741,18.210857410768103,11.0,14.74074074074074,16.38618694227313,629.0,576.4074074074074,339.16835611414837,31.0,56.51851851851852,69.30333012887307,10.0,15.074074074074074,13.219815912618934,11.0,16.962962962962962,15.298269086306368,1.0,2.185185185185185,3.1869570371586686,13.0,26.85185185185185,42.577263437465795,59.0,57.666666666666664,41.01688207780567,9.0,14.62962962962963,14.079849617171527,11.0,14.925925925925926,14.166390143103136,51.4,51.07037037037038,23.391678579798988
19,West Ham,24.0,22.565217391304348,8.111866094894685,14.0,16.304347826086957,10.7974524883027,1358.0,1459.5217391304348,907.0807255629165,0.0,1.608695652173913,2.6754630938957873,1.0,1.0,1.5666989036012806,2.0,3.130434782608696,2.6850486338254482,0.0,0.13043478260869565,0.34435022157509093,1.4,1.8782608695652174,2.325932173196007,1.1,1.3,1.451018451107547,15.0,24.47826086956522,31.192757850060165,31.0,46.82608695652174,42.07315293186925,25.0,48.04347826086956,59.09197627494829,0.0,0.09130434782608696,0.1281797157341664,0.03,0.07608695652173915,0.1413165090540567,0.07,0.13217391304347825,0.160877042877165,0.06,0.09608695652173915,0.0999881415893806,1.685,1.685,0.007071067811865481,68.75,68.75,8.273149339882604,,,,0.0,0.0,,27.8,24.04761904761905,14.620075890624475,0.83,1.2804347826086957,1.0793620938518589,0.04,0.051428571428571435,0.06295122828712035,15.7,17.623809523809523,5.788169379165123,517.0,555.5652173913044,412.14117463083807,79.9,78.13913043478261,7.887086057741062,8610.0,9793.782608695652,7441.32990897657,89.7,88.70869565217393,6.916443715948922,85.6,83.39565217391304,10.649817679227683,53.7,54.17826086956522,16.574458897563915,9.0,12.521739130434783,12.73102711423549,37.0,40.0,33.70729621583165,5.0,10.695652173913043,13.00501575480048,1.0,2.782608695652174,3.6798779838854148,31.0,46.82608695652174,42.07315293186925,19.0,31.47826086956522,31.60389729306612,1.75,2.155652173913043,1.542423789444736,2.0,2.4347826086956523,3.2866961437744706,0.1,0.14130434782608695,0.17123360831507578,17.0,24.869565217391305,21.17525216727834,11.0,14.73913043478261,12.523495704635812,10.0,11.173913043478262,9.247369030816001,8.0,9.652173913043478,7.8312236107205315,19.0,17.73913043478261,13.417144362562766,4.0,6.6521739130434785,8.483184948913372,12.0,11.08695652173913,7.971044436403212,8.0,13.043478260869565,15.143190071236539,748.0,870.8695652173913,601.8858472522257,42.0,116.0,183.41929114364268,226.0,324.1304347826087,320.2505133553228,366.0,367.95652173913044,293.039320703316,118.0,187.3913043478261,189.76941489618267,24.0,32.91304347826087,39.91002726984588,14.0,30.869565217391305,46.897668431893564,47.6,49.34545454545455,21.245228646916,45.7,37.768181818181816,21.4525697509121,341.0,443.17391304347825,320.15133526249076,762.0,1140.0,947.4203732432418,15.0,24.47826086956522,31.192757850060165,10.0,15.217391304347826,17.098528702624282,2.0,7.0,13.621507058525298,13.0,19.391304347826086,20.153364552024517,6.0,15.478260869565217,23.062897328860938,506.0,553.8260869565217,393.45863270765057,25.0,48.04347826086956,59.09197627494829,17.0,17.217391304347824,14.440966102594542,13.0,16.26086956521739,17.99802360691142,1.0,3.0434782608695654,4.38466605828628,13.0,22.652173913043477,28.120857182803878,46.0,59.91304347826087,48.81776226993079,12.0,23.08695652173913,28.18915498020513,20.0,22.043478260869566,19.859685662781924,50.0,51.53043478260869,16.9595624617288
20,Wolves,26.0,22.782608695652176,8.923699404798084,15.0,16.652173913043477,10.907081501367374,1364.0,1495.2173913043478,875.6224776238663,1.0,2.1739130434782608,3.9387604639143587,1.0,1.6956521739130435,2.2245486285515352,2.0,3.217391304347826,2.74617952368096,0.0,0.08695652173913043,0.28810406552003043,0.8,1.760869565217391,2.4798715381748715,0.9,1.4000000000000004,1.7794278958034901,12.0,23.565217391304348,27.789510916819815,31.0,45.91304347826087,41.09845500688036,28.0,45.26086956521739,47.76192606069889,0.07,0.12217391304347826,0.1670045323755978,0.04,0.10043478260869568,0.13026121521666884,0.08,0.11130434782608696,0.11721403685046689,0.07,0.07956521739130436,0.07606685222818899,2.05,2.05,0.5374011537017763,61.75,61.75,0.3535533905932738,,,,16.65,16.65,23.546655813512032,28.6,30.59047619047619,17.02130737522546,0.75,1.0034782608695654,0.8570913216203031,0.07,0.0980952380952381,0.11775478961040386,18.1,18.047619047619044,5.670856994107598,484.0,563.5652173913044,411.40102378523744,80.4,77.84347826086957,8.718362340327063,9479.0,9615.91304347826,6491.217324641906,90.4,88.33043478260868,6.924688032527248,86.5,84.84347826086957,9.379563184583642,56.0,52.452173913043474,15.721781924370736,10.0,12.391304347826088,12.478123148625079,26.0,39.26086956521739,33.254141767064624,4.0,10.826086956521738,12.680164086667892,1.0,2.782608695652174,3.489679872516707,31.0,45.91304347826087,41.09845500688036,21.0,29.52173913043478,28.04682702069619,1.71,1.7804347826086957,1.060662221362714,3.0,3.9130434782608696,4.1441420153607496,0.18,0.2526086956521739,0.2399662360966708,21.0,32.08695652173913,28.195604176212647,13.0,18.91304347826087,17.58075663765838,11.0,14.608695652173912,12.342605922114528,8.0,12.217391304347826,13.300569098347669,16.0,18.043478260869566,12.607639317888202,4.0,5.869565217391305,6.047571622531168,10.0,12.173913043478262,10.443145528888765,9.0,12.08695652173913,9.829977543108821,756.0,875.8260869565217,572.2617529015827,59.0,103.43478260869566,151.45261067618614,304.0,311.0869565217391,256.91189028067373,329.0,393.6521739130435,316.27600269609917,124.0,181.7391304347826,186.292345373244,23.0,28.304347826086957,31.848269230280422,14.0,28.391304347826086,34.83433406912676,45.6,44.13809523809524,22.43453757469666,41.7,42.95238095238095,22.981636561559732,390.0,480.60869565217394,307.3460796044442,1038.0,1328.695652173913,911.0664797010054,12.0,23.565217391304348,27.789510916819815,13.0,17.91304347826087,21.833904084907324,3.0,5.695652173913044,8.688732424597104,16.0,23.043478260869566,22.740588984276084,11.0,14.434782608695652,15.287624486838785,482.0,559.2173913043479,370.7579407010528,28.0,45.26086956521739,47.76192606069889,15.0,19.782608695652176,17.503133542153716,10.0,16.91304347826087,17.085115913295727,1.0,2.5217391304347827,3.3148366916773013,10.0,21.652173913043477,30.692919964844975,43.0,65.6086956521739,50.694933519879285,10.0,17.73913043478261,17.532352928500107,16.0,19.043478260869566,19.67111001367133,40.7,46.15652173913044,23.201701075703998
